[
  {
    "role_id": 1,
    "role_description": "Associate Product Manager"
  },
  {
    "role_id": 2,
    "role_description": "Product Manager"
  },
  {
    "role_id": 3,
    "role_description": "Senior Product Manager"
  },
  {
    "role_id": 4,
    "role_description": "Lead Product Manager"
  },
  {
    "role_id": 5,
    "role_description": "Group / Principal Product Manager"
  },
  {
    "role_id": 6,
    "role_description": "Associate Director of Product"
  },
  {
    "role_id": 7,
    "role_description": "Director of Product"
  },
  {
    "role_id": 8,
    "role_description": "Senior Director of Product"
  },
  {
    "role_id": 9,
    "role_description": "VP of Product"
  },
  {
    "role_id": 10,
    "role_description": "Chief Product Officer"
  }
]